"Tina","Resguardo","Silvestre","MARCA","Mes","LHC","COLA","PESO","Fecha","CambioTina","TinaGrande"
1,"CR","UMA",187,"ENERO",128,40,34.1,2015-01-20,"Antes","1"
1,"CR","UMA",420,"ENERO",154,52,62.7,2015-01-20,"Antes","1"
1,"CR","UMA",449,"ENERO",154,50,61.7,2015-01-20,"Antes","1"
1,"CR","UMA",450,"ENERO",150,48,57.3,2015-01-20,"Antes","1"
1,"CR","UMA",526,"ENERO",148,56,65.7,2015-01-20,"Antes","1"
1,"CR","UMA",509,"ENERO",130,42,45.1,2015-01-20,"Antes","1"
2,"SR","UMA",325,"ENERO",142,60,85.4,2015-01-20,"Antes","1"
2,"SR","UMA",447,"ENERO",160,52,63.8,2015-01-20,"Antes","1"
2,"SR","UMA",527,"ENERO",144,48,55.2,2015-01-20,"Antes","1"
2,"SR","Silvestre",104,"ENERO",NA,NA,NA,2015-01-20,"Antes","1"
2,"SR","Silvestre",106,"ENERO",NA,NA,NA,2015-01-20,"Antes","1"
2,"SR","Silvestre",110,"ENERO",NA,NA,NA,2015-01-20,"Antes","1"
2,"SR","Silvestre",546,"ENERO",NA,NA,NA,2015-01-20,"Antes","1"
2,"SR","Silvestre",547,"ENERO",NA,NA,NA,2015-01-20,"Antes","1"
3,"CR","UMA",426,"ENERO",156,38,70.9,2015-01-20,"Antes","1"
3,"CR","UMA",475,"ENERO",131,40,48.2,2015-01-20,"Antes","1"
3,"CR","UMA",492,"ENERO",134,44,47,2015-01-20,"Antes","1"
3,"CR","UMA",511,"ENERO",148,50,63.3,2015-01-20,"Antes","1"
4,"SR","UMA",427,"ENERO",156,58,77.5,2015-01-20,"Antes","2"
4,"SR","UMA",493,"ENERO",142,46,45,2015-01-20,"Antes","2"
4,"SR","UMA",512,"ENERO",146,50,57.2,2015-01-20,"Antes","2"
4,"SR","UMA",529,"ENERO",134,48,44.5,2015-01-20,"Antes","2"
4,"SR","UMA",425,"ENERO",158,60,95.4,2015-01-20,"Antes","2"
5,"CR","UMA",434,"ENERO",152,52,71.7,2015-01-20,"Antes","2"
5,"CR","UMA",530,"ENERO",136,46,47.8,2015-01-20,"Antes","2"
5,"CR","Silvestre",107,"ENERO",NA,NA,NA,2015-01-20,"Antes","2"
5,"CR","Silvestre",542,"ENERO",NA,NA,NA,2015-01-20,"Antes","2"
5,"CR","Silvestre",543,"ENERO",NA,NA,NA,2015-01-20,"Antes","2"
5,"CR","Silvestre",544,"ENERO",NA,NA,NA,2015-01-20,"Antes","2"
5,"CR","Silvestre",548,"ENERO",NA,NA,NA,2015-01-20,"Antes","2"
6,"SR","UMA",435,"ENERO",152,56,77.5,2015-01-20,"Antes","2"
6,"SR","UMA",456,"ENERO",170,62,91.8,2015-01-20,"Antes","2"
6,"SR","UMA",478,"ENERO",128,32,34.1,2015-01-20,"Antes","2"
6,"SR","UMA",496,"ENERO",128,32,32.2,2015-01-20,"Antes","2"
6,"SR","UMA",531,"ENERO",138,46,48.9,2015-01-20,"Antes","2"
7,"SR","UMA",457,"ENERO",148,54,67.3,2015-01-20,"Antes","3"
7,"SR","UMA",479,"ENERO",138,42,50.5,2015-01-20,"Antes","3"
7,"SR","UMA",498,"ENERO",130,36,36.1,2015-01-20,"Antes","3"
7,"SR","UMA",515,"ENERO",144,46,56.7,2015-01-20,"Antes","3"
7,"SR","UMA",524,"ENERO",140,42,49.3,2015-01-20,"Antes","3"
7,"SR","UMA",532,"ENERO",140,48,60.3,2015-01-20,"Antes","3"
8,"CR","Silvestre",100,"ENERO",NA,NA,NA,2015-01-20,"Antes","3"
8,"CR","Silvestre",535,"ENERO",NA,NA,NA,2015-01-20,"Antes","3"
8,"CR","Silvestre",536,"ENERO",NA,NA,NA,2015-01-20,"Antes","3"
8,"CR","Silvestre",539,"ENERO",NA,NA,NA,2015-01-20,"Antes","3"
8,"CR","Silvestre",540,"ENERO",NA,NA,NA,2015-01-20,"Antes","3"
9,"SR","UMA",459,"ENERO",154,52,62.6,2015-01-20,"Antes","3"
9,"SR","UMA",481,"ENERO",132,42,40.7,2015-01-20,"Antes","3"
9,"SR","UMA",501,"ENERO",130,42,44.1,2015-01-20,"Antes","3"
9,"SR","UMA",518,"ENERO",136,42,48.1,2015-01-20,"Antes","3"
10,"CR","Silvestre",103,"ENERO",NA,NA,NA,2015-01-20,"Antes","4"
10,"CR","Silvestre",537,"ENERO",NA,NA,NA,2015-01-20,"Antes","4"
10,"CR","Silvestre",538,"ENERO",NA,NA,NA,2015-01-20,"Antes","4"
10,"CR","Silvestre",541,"ENERO",NA,NA,NA,2015-01-20,"Antes","4"
10,"CR","Silvestre",545,"ENERO",NA,NA,NA,2015-01-20,"Antes","4"
11,"SR","UMA",461,"ENERO",152,50,63.3,2015-01-20,"Antes","4"
11,"SR","UMA",466,"ENERO",130,28,29,2015-01-20,"Antes","4"
11,"SR","UMA",499,"ENERO",136,44,55,2015-01-20,"Antes","4"
11,"SR","UMA",502,"ENERO",130,40,38.8,2015-01-20,"Antes","4"
11,"SR","UMA",510,"ENERO",146,44,58.3,2015-01-20,"Antes","4"
12,"CR","UMA",462,"ENERO",154,54,73.1,2015-01-20,"Antes","4"
12,"CR","UMA",472,"ENERO",134,46,44.1,2015-01-20,"Antes","4"
12,"CR","UMA",508,"ENERO",136,36,39.3,2015-01-20,"Antes","4"
12,"CR","UMA",525,"ENERO",134,32,40.4,2015-01-20,"Antes","4"
1,"CR","UMA",187,"FEBRERO",128,42,37.9,2015-02-20,"Antes","1"
1,"CR","UMA",420,"FEBRERO",154,50,76.5,2015-02-20,"Antes","1"
1,"CR","UMA",449,"FEBRERO",156,53,88.8,2015-02-20,"Antes","1"
1,"CR","UMA",450,"FEBRERO",152,50,76.2,2015-02-20,"Antes","1"
1,"CR","UMA",526,"FEBRERO",152,60,74.4,2015-02-20,"Antes","1"
1,"CR","UMA",509,"FEBRERO",134,49,52.1,2015-02-20,"Antes","1"
2,"SR","UMA",325,"FEBRERO",NA,NA,NA,2015-02-20,"Antes","1"
2,"SR","UMA",447,"FEBRERO",160,50,60.7,2015-02-20,"Antes","1"
2,"SR","UMA",527,"FEBRERO",145,47,58.6,2015-02-20,"Antes","1"
2,"SR","Silvestre",104,"FEBRERO",162,56,95.3,2015-02-20,"Antes","1"
2,"SR","Silvestre",106,"FEBRERO",162,40,77.4,2015-02-20,"Antes","1"
2,"SR","Silvestre",110,"FEBRERO",160,46,68.4,2015-02-20,"Antes","1"
2,"SR","Silvestre",546,"FEBRERO",170,54,80.8,2015-02-20,"Antes","1"
2,"SR","Silvestre",547,"FEBRERO",164,68,79.7,2015-02-20,"Antes","1"
3,"CR","UMA",426,"FEBRERO",NA,NA,NA,2015-02-20,"Antes","1"
3,"CR","UMA",475,"FEBRERO",132,54,52.4,2015-02-20,"Antes","1"
3,"CR","UMA",492,"FEBRERO",140,49,59.6,2015-02-20,"Antes","1"
3,"CR","UMA",511,"FEBRERO",NA,NA,NA,2015-02-20,"Antes","1"
4,"SR","UMA",427,"FEBRERO",160,61,89.3,2015-02-20,"Antes","2"
4,"SR","UMA",493,"FEBRERO",148,51,49.7,2015-02-20,"Antes","2"
4,"SR","UMA",512,"FEBRERO",150,54,61.4,2015-02-20,"Antes","2"
4,"SR","UMA",529,"FEBRERO",136,46,46.3,2015-02-20,"Antes","2"
4,"SR","UMA",425,"FEBRERO",169,66,98.6,2015-02-20,"Antes","2"
5,"CR","UMA",434,"FEBRERO",155,56,77.3,2015-02-20,"Antes","2"
5,"CR","UMA",530,"FEBRERO",139,47,51.2,2015-02-20,"Antes","2"
5,"CR","Silvestre",107,"FEBRERO",178,65,95.3,2015-02-20,"Antes","2"
5,"CR","Silvestre",542,"FEBRERO",170,55,89,2015-02-20,"Antes","2"
5,"CR","Silvestre",543,"FEBRERO",178,60,101.8,2015-02-20,"Antes","2"
5,"CR","Silvestre",544,"FEBRERO",176,56,87.6,2015-02-20,"Antes","2"
5,"CR","Silvestre",548,"FEBRERO",172,50,89.1,2015-02-20,"Antes","2"
6,"SR","UMA",435,"FEBRERO",154,60,84.6,2015-02-20,"Antes","2"
6,"SR","UMA",456,"FEBRERO",172,61,90.9,2015-02-20,"Antes","2"
6,"SR","UMA",478,"FEBRERO",131,36,40,2015-02-20,"Antes","2"
6,"SR","UMA",496,"FEBRERO",128,37,39.5,2015-02-20,"Antes","2"
6,"SR","UMA",531,"FEBRERO",139,45,50.3,2015-02-20,"Antes","2"
7,"SR","UMA",457,"FEBRERO",148,52,62.4,2015-02-20,"Antes","3"
7,"SR","UMA",479,"FEBRERO",140,43,56.6,2015-02-20,"Antes","3"
7,"SR","UMA",498,"FEBRERO",130,45,39.8,2015-02-20,"Antes","3"
7,"SR","UMA",515,"FEBRERO",144,49,59.2,2015-02-20,"Antes","3"
7,"SR","UMA",524,"FEBRERO",142,45,51.6,2015-02-20,"Antes","3"
7,"SR","UMA",532,"FEBRERO",144,51,63.8,2015-02-20,"Antes","3"
8,"CR","Silvestre",100,"FEBRERO",182,65,128.3,2015-02-20,"Antes","3"
8,"CR","Silvestre",535,"FEBRERO",189,56,129.7,2015-02-20,"Antes","3"
8,"CR","Silvestre",536,"FEBRERO",188,65,124.8,2015-02-20,"Antes","3"
8,"CR","Silvestre",539,"FEBRERO",191,75,153.8,2015-02-20,"Antes","3"
8,"CR","Silvestre",540,"FEBRERO",190,63,115.5,2015-02-20,"Antes","3"
9,"SR","UMA",459,"FEBRERO",154,50,60.4,2015-02-20,"Antes","3"
9,"SR","UMA",481,"FEBRERO",135,38,38.1,2015-02-20,"Antes","3"
9,"SR","UMA",501,"FEBRERO",132,47,46.8,2015-02-20,"Antes","3"
9,"SR","UMA",518,"FEBRERO",136,45,52.9,2015-02-20,"Antes","3"
10,"CR","Silvestre",103,"FEBRERO",190,68,143.8,2015-02-20,"Antes","4"
10,"CR","Silvestre",537,"FEBRERO",174,60,99.4,2015-02-20,"Antes","4"
10,"CR","Silvestre",538,"FEBRERO",180,60,102.5,2015-02-20,"Antes","4"
10,"CR","Silvestre",541,"FEBRERO",190,64,99.4,2015-02-20,"Antes","4"
10,"CR","Silvestre",545,"FEBRERO",187,60,124.3,2015-02-20,"Antes","4"
11,"SR","UMA",461,"FEBRERO",154,51,62.7,2015-02-20,"Antes","4"
11,"SR","UMA",466,"FEBRERO",133,34,34.2,2015-02-20,"Antes","4"
11,"SR","UMA",499,"FEBRERO",137,49,55.3,2015-02-20,"Antes","4"
11,"SR","UMA",502,"FEBRERO",134,44,41.9,2015-02-20,"Antes","4"
11,"SR","UMA",510,"FEBRERO",148,47,60.8,2015-02-20,"Antes","4"
12,"CR","UMA",462,"FEBRERO",157,59,76.5,2015-02-20,"Antes","4"
12,"CR","UMA",472,"FEBRERO",135,45,44.9,2015-02-20,"Antes","4"
12,"CR","UMA",508,"FEBRERO",136,37,40.1,2015-02-20,"Antes","4"
12,"CR","UMA",525,"FEBRERO",134,36,40.6,2015-02-20,"Antes","4"
1,"CR","UMA",187,"MARZO",130,43,43.1,2015-03-20,"Antes","1"
1,"CR","UMA",420,"MARZO",155,54,81.7,2015-03-20,"Antes","1"
1,"CR","UMA",449,"MARZO",160,60,94.5,2015-03-20,"Antes","1"
1,"CR","UMA",450,"MARZO",156,53,79.9,2015-03-20,"Antes","1"
1,"CR","UMA",526,"MARZO",156,61,82.8,2015-03-20,"Antes","1"
1,"CR","UMA",509,"MARZO",139,53,59.2,2015-03-20,"Antes","1"
2,"SR","UMA",325,"MARZO",NA,NA,NA,2015-03-20,"Antes","1"
2,"SR","UMA",447,"MARZO",162,46,59.4,2015-03-20,"Antes","1"
2,"SR","UMA",527,"MARZO",147,49,62.8,2015-03-20,"Antes","1"
2,"SR","Silvestre",104,"MARZO",174,54,83.5,2015-03-20,"Antes","1"
2,"SR","Silvestre",106,"MARZO",163,53,77.2,2015-03-20,"Antes","1"
2,"SR","Silvestre",110,"MARZO",165,56,89.1,2015-03-20,"Antes","1"
2,"SR","Silvestre",546,"MARZO",165,59,94.6,2015-03-20,"Antes","1"
2,"SR","Silvestre",547,"MARZO",162,56,79.4,2015-03-20,"Antes","1"
3,"CR","UMA",426,"MARZO",NA,NA,NA,2015-03-20,"Antes","1"
3,"CR","UMA",475,"MARZO",134,63,59.7,2015-03-20,"Antes","1"
3,"CR","UMA",492,"MARZO",147,53,69,2015-03-20,"Antes","1"
3,"CR","UMA",511,"MARZO",NA,NA,NA,2015-03-20,"Antes","1"
4,"SR","UMA",427,"MARZO",165,63,96.3,2015-03-20,"Antes","2"
4,"SR","UMA",493,"MARZO",150,57,54.6,2015-03-20,"Antes","2"
4,"SR","UMA",512,"MARZO",154,57,69.8,2015-03-20,"Antes","2"
4,"SR","UMA",529,"MARZO",140,52,58.7,2015-03-20,"Antes","2"
4,"SR","UMA",425,"MARZO",172,68,111.7,2015-03-20,"Antes","2"
5,"CR","UMA",434,"MARZO",163,62,87.3,2015-03-20,"Antes","2"
5,"CR","UMA",530,"MARZO",141,51,57.9,2015-03-20,"Antes","2"
5,"CR","Silvestre",107,"MARZO",178,63,102.7,2015-03-20,"Antes","2"
5,"CR","Silvestre",542,"MARZO",182,61,94.3,2015-03-20,"Antes","2"
5,"CR","Silvestre",543,"MARZO",177,58,90.3,2015-03-20,"Antes","2"
5,"CR","Silvestre",544,"MARZO",183,47,71.3,2015-03-20,"Antes","2"
5,"CR","Silvestre",548,"MARZO",169,61,90.6,2015-03-20,"Antes","2"
6,"SR","UMA",435,"MARZO",160,64,90.1,2015-03-20,"Antes","2"
6,"SR","UMA",456,"MARZO",175,63,90.6,2015-03-20,"Antes","2"
6,"SR","UMA",478,"MARZO",137,44,47.4,2015-03-20,"Antes","2"
6,"SR","UMA",496,"MARZO",130,44,42.1,2015-03-20,"Antes","2"
6,"SR","UMA",531,"MARZO",142,45,57.9,2015-03-20,"Antes","2"
7,"SR","UMA",457,"MARZO",148,48,60.1,2015-03-20,"Antes","3"
7,"SR","UMA",479,"MARZO",144,47,61.6,2015-03-20,"Antes","3"
7,"SR","UMA",498,"MARZO",131,57,45.7,2015-03-20,"Antes","3"
7,"SR","UMA",515,"MARZO",145,53,61.2,2015-03-20,"Antes","3"
7,"SR","UMA",524,"MARZO",146,47,54.7,2015-03-20,"Antes","3"
7,"SR","UMA",532,"MARZO",149,56,68,2015-03-20,"Antes","3"
8,"CR","Silvestre",100,"MARZO",184,69,132.1,2015-03-20,"Antes","3"
8,"CR","Silvestre",535,"MARZO",185,62,106.4,2015-03-20,"Antes","3"
8,"CR","Silvestre",536,"MARZO",190,69,132.3,2015-03-20,"Antes","3"
8,"CR","Silvestre",539,"MARZO",195,74,159.1,2015-03-20,"Antes","3"
8,"CR","Silvestre",540,"MARZO",189,63,103.4,2015-03-20,"Antes","3"
9,"SR","UMA",459,"MARZO",156,50,58.3,2015-03-20,"Antes","3"
9,"SR","UMA",481,"MARZO",136,34,32.9,2015-03-20,"Antes","3"
9,"SR","UMA",501,"MARZO",135,53,52.8,2015-03-20,"Antes","3"
9,"SR","UMA",518,"MARZO",138,49,58.4,2015-03-20,"Antes","3"
10,"CR","Silvestre",103,"MARZO",191,66,130.2,2015-03-20,"Antes","4"
10,"CR","Silvestre",537,"MARZO",172,54,85.6,2015-03-20,"Antes","4"
10,"CR","Silvestre",538,"MARZO",190,64,116.3,2015-03-20,"Antes","4"
10,"CR","Silvestre",541,"MARZO",177,64,98.1,2015-03-20,"Antes","4"
10,"CR","Silvestre",545,"MARZO",183,60,99.5,2015-03-20,"Antes","4"
11,"SR","UMA",461,"MARZO",154,48,62.8,2015-03-20,"Antes","4"
11,"SR","UMA",466,"MARZO",137,41,40.9,2015-03-20,"Antes","4"
11,"SR","UMA",499,"MARZO",141,55,57.3,2015-03-20,"Antes","4"
11,"SR","UMA",502,"MARZO",136,57,47.6,2015-03-20,"Antes","4"
11,"SR","UMA",510,"MARZO",149,52,65.5,2015-03-20,"Antes","4"
12,"CR","UMA",462,"MARZO",162,62,86.4,2015-03-20,"Antes","4"
12,"CR","UMA",472,"MARZO",139,46,46,2015-03-20,"Antes","4"
12,"CR","UMA",508,"MARZO",140,42,46.1,2015-03-20,"Antes","4"
12,"CR","UMA",525,"MARZO",137,39,38,2015-03-20,"Antes","4"
1,"CR","UMA",187,"ABRIL",134,44,52,2015-04-20,"Despues","1"
1,"CR","UMA",420,"ABRIL",160,60,72.8,2015-04-20,"Despues","1"
1,"CR","UMA",449,"ABRIL",168,64,110,2015-04-20,"Despues","1"
1,"CR","UMA",450,"ABRIL",160,60,91.4,2015-04-20,"Despues","1"
1,"CR","UMA",526,"ABRIL",160,54,81.1,2015-04-20,"Despues","1"
1,"CR","UMA",509,"ABRIL",142,58,65.7,2015-04-20,"Despues","1"
2,"SR","UMA",325,"ABRIL",NA,NA,NA,2015-04-20,"Despues","1"
2,"SR","UMA",447,"ABRIL",162,46,59.9,2015-04-20,"Despues","1"
2,"SR","UMA",527,"ABRIL",150,60,72.5,2015-04-20,"Despues","1"
2,"SR","Silvestre",104,"ABRIL",168,44,76.2,2015-04-20,"Despues","1"
2,"SR","Silvestre",106,"ABRIL",170,52,93.4,2015-04-20,"Despues","1"
2,"SR","Silvestre",110,"ABRIL",164,58,92.7,2015-04-20,"Despues","1"
2,"SR","Silvestre",546,"ABRIL",170,56,91.7,2015-04-20,"Despues","1"
2,"SR","Silvestre",547,"ABRIL",164,58,80,2015-04-20,"Despues","1"
3,"CR","UMA",426,"ABRIL",NA,NA,NA,2015-04-20,"Despues","1"
3,"CR","UMA",475,"ABRIL",146,52,72,2015-04-20,"Despues","1"
3,"CR","UMA",492,"ABRIL",150,60,90.7,2015-04-20,"Despues","1"
3,"CR","UMA",511,"ABRIL",NA,NA,NA,2015-04-20,"Despues","1"
4,"SR","UMA",427,"ABRIL",171,60,121.7,2015-04-20,"Despues","2"
4,"SR","UMA",493,"ABRIL",157,52,75,2015-04-20,"Despues","2"
4,"SR","UMA",512,"ABRIL",156,60,86.2,2015-04-20,"Despues","2"
4,"SR","UMA",529,"ABRIL",146,54,68.1,2015-04-20,"Despues","2"
4,"SR","UMA",425,"ABRIL",174,68,113.8,2015-04-20,"Despues","2"
5,"CR","UMA",434,"ABRIL",164,60,103.3,2015-04-20,"Despues","2"
5,"CR","UMA",530,"ABRIL",142,44,66.5,2015-04-20,"Despues","2"
5,"CR","Silvestre",107,"ABRIL",182,62,128.1,2015-04-20,"Despues","2"
5,"CR","Silvestre",542,"ABRIL",170,64,107.3,2015-04-20,"Despues","2"
5,"CR","Silvestre",543,"ABRIL",172,56,94.8,2015-04-20,"Despues","2"
5,"CR","Silvestre",544,"ABRIL",174,54,101.9,2015-04-20,"Despues","2"
5,"CR","Silvestre",548,"ABRIL",172,58,107.7,2015-04-20,"Despues","2"
6,"SR","UMA",435,"ABRIL",164,66,88.2,2015-04-20,"Despues","2"
6,"SR","UMA",456,"ABRIL",177,62,116.6,2015-04-20,"Despues","2"
6,"SR","UMA",478,"ABRIL",146,46,57.3,2015-04-20,"Despues","2"
6,"SR","UMA",496,"ABRIL",134,44,54.4,2015-04-20,"Despues","2"
6,"SR","UMA",531,"ABRIL",150,52,70.6,2015-04-20,"Despues","2"
7,"SR","UMA",457,"ABRIL",150,48,50,2015-04-20,"Despues","3"
7,"SR","UMA",479,"ABRIL",144,52,63.5,2015-04-20,"Despues","3"
7,"SR","UMA",498,"ABRIL",132,46,51.6,2015-04-20,"Despues","3"
7,"SR","UMA",515,"ABRIL",144,54,71.1,2015-04-20,"Despues","3"
7,"SR","UMA",524,"ABRIL",150,50,61.5,2015-04-20,"Despues","3"
7,"SR","UMA",532,"ABRIL",150,54,77.7,2015-04-20,"Despues","3"
8,"CR","Silvestre",100,"ABRIL",184,72,140.8,2015-04-20,"Despues","3"
8,"CR","Silvestre",535,"ABRIL",NA,NA,NA,2015-04-20,"Despues","3"
8,"CR","Silvestre",536,"ABRIL",192,70,135,2015-04-20,"Despues","3"
8,"CR","Silvestre",539,"ABRIL",195,72,160.6,2015-04-20,"Despues","3"
8,"CR","Silvestre",540,"ABRIL",184,48,95.6,2015-04-20,"Despues","3"
9,"SR","UMA",459,"ABRIL",152,46,60,2015-04-20,"Despues","3"
9,"SR","UMA",481,"ABRIL",NA,NA,NA,2015-04-20,"Despues","3"
9,"SR","UMA",501,"ABRIL",136,52,60.2,2015-04-20,"Despues","3"
9,"SR","UMA",518,"ABRIL",140,52,64.9,2015-04-20,"Despues","3"
10,"CR","Silvestre",103,"ABRIL",194,66,168.7,2015-04-20,"Despues","4"
10,"CR","Silvestre",537,"ABRIL",172,42,59.6,2015-04-20,"Despues","4"
10,"CR","Silvestre",538,"ABRIL",190,70,158.5,2015-04-20,"Despues","4"
10,"CR","Silvestre",541,"ABRIL",174,64,108.2,2015-04-20,"Despues","4"
10,"CR","Silvestre",545,"ABRIL",182,49,90.1,2015-04-20,"Despues","4"
11,"SR","UMA",461,"ABRIL",158,54,75.5,2015-04-20,"Despues","4"
11,"SR","UMA",466,"ABRIL",137,48,45.8,2015-04-20,"Despues","4"
11,"SR","UMA",499,"ABRIL",141,54,62,2015-04-20,"Despues","4"
11,"SR","UMA",502,"ABRIL",140,42,59.3,2015-04-20,"Despues","4"
11,"SR","UMA",510,"ABRIL",152,54,73,2015-04-20,"Despues","4"
12,"CR","UMA",462,"ABRIL",166,66,117.8,2015-04-20,"Despues","4"
12,"CR","UMA",472,"ABRIL",140,48,52.8,2015-04-20,"Despues","4"
12,"CR","UMA",508,"ABRIL",146,50,64.7,2015-04-20,"Despues","4"
12,"CR","UMA",525,"ABRIL",134,50,51.6,2015-04-20,"Despues","4"
1,"CR","UMA",187,"MAYO",140,46,56.8,2015-05-20,"Despues","1"
1,"CR","UMA",420,"MAYO",163,60,78.4,2015-05-20,"Despues","1"
1,"CR","UMA",449,"MAYO",179,68,118.7,2015-05-20,"Despues","1"
1,"CR","UMA",450,"MAYO",164,56,87.6,2015-05-20,"Despues","1"
1,"CR","UMA",526,"MAYO",172,62,99.3,2015-05-20,"Despues","1"
1,"CR","UMA",509,"MAYO",149,58,70.4,2015-05-20,"Despues","1"
2,"SR","UMA",325,"MAYO",NA,NA,NA,2015-05-20,"Despues","1"
2,"SR","UMA",447,"MAYO",162,46,50.4,2015-05-20,"Despues","1"
2,"SR","UMA",527,"MAYO",152,55,68.6,2015-05-20,"Despues","1"
2,"SR","Silvestre",104,"MAYO",170,50,79.5,2015-05-20,"Despues","1"
2,"SR","Silvestre",106,"MAYO",174,60,96.5,2015-05-20,"Despues","1"
2,"SR","Silvestre",110,"MAYO",169,60,94.7,2015-05-20,"Despues","1"
2,"SR","Silvestre",546,"MAYO",170,54,89.1,2015-05-20,"Despues","1"
2,"SR","Silvestre",547,"MAYO",167,60,82.2,2015-05-20,"Despues","1"
3,"CR","UMA",426,"MAYO",NA,NA,NA,2015-05-20,"Despues","1"
3,"CR","UMA",475,"MAYO",152,55,76,2015-05-20,"Despues","1"
3,"CR","UMA",492,"MAYO",162,63,101.6,2015-05-20,"Despues","1"
3,"CR","UMA",511,"MAYO",NA,NA,NA,2015-05-20,"Despues","1"
4,"SR","UMA",427,"MAYO",184,70,137.5,2015-05-20,"Despues","2"
4,"SR","UMA",493,"MAYO",162,54,77.7,2015-05-20,"Despues","2"
4,"SR","UMA",512,"MAYO",161,65,87.3,2015-05-20,"Despues","2"
4,"SR","UMA",529,"MAYO",151,57,67.3,2015-05-20,"Despues","2"
4,"SR","UMA",425,"MAYO",183,72,119.7,2015-05-20,"Despues","2"
5,"CR","UMA",434,"MAYO",169,60,103.6,2015-05-20,"Despues","2"
5,"CR","UMA",530,"MAYO",151,50,74.6,2015-05-20,"Despues","2"
5,"CR","Silvestre",107,"MAYO",194,71,156.4,2015-05-20,"Despues","2"
5,"CR","Silvestre",542,"MAYO",183,68,111.8,2015-05-20,"Despues","2"
5,"CR","Silvestre",543,"MAYO",170,50,90.9,2015-05-20,"Despues","2"
5,"CR","Silvestre",544,"MAYO",186,58,114.3,2015-05-20,"Despues","2"
5,"CR","Silvestre",548,"MAYO",178,63,124.7,2015-05-20,"Despues","2"
6,"SR","UMA",435,"MAYO",169,71,97.6,2015-05-20,"Despues","2"
6,"SR","UMA",456,"MAYO",179,64,118.3,2015-05-20,"Despues","2"
6,"SR","UMA",478,"MAYO",150,47,62.1,2015-05-20,"Despues","2"
6,"SR","UMA",496,"MAYO",141,49,57,2015-05-20,"Despues","2"
6,"SR","UMA",531,"MAYO",154,56,77.6,2015-05-20,"Despues","2"
7,"SR","UMA",457,"MAYO",151,46,51.2,2015-05-20,"Despues","3"
7,"SR","UMA",479,"MAYO",153,58,67.7,2015-05-20,"Despues","3"
7,"SR","UMA",498,"MAYO",138,52,54.9,2015-05-20,"Despues","3"
7,"SR","UMA",515,"MAYO",149,54,70.3,2015-05-20,"Despues","3"
7,"SR","UMA",524,"MAYO",150,51,60.4,2015-05-20,"Despues","3"
7,"SR","UMA",532,"MAYO",156,61,81.6,2015-05-20,"Despues","3"
8,"CR","Silvestre",100,"MAYO",190,70,154.8,2015-05-20,"Despues","3"
8,"CR","Silvestre",535,"MAYO",NA,NA,NA,2015-05-20,"Despues","3"
8,"CR","Silvestre",536,"MAYO",196,70,147.7,2015-05-20,"Despues","3"
8,"CR","Silvestre",539,"MAYO",200,76,186.7,2015-05-20,"Despues","3"
8,"CR","Silvestre",540,"MAYO",NA,NA,NA,2015-05-20,"Despues","3"
9,"SR","UMA",459,"MAYO",158,50,64.2,2015-05-20,"Despues","3"
9,"SR","UMA",481,"MAYO",NA,NA,NA,2015-05-20,"Despues","3"
9,"SR","UMA",501,"MAYO",142,51,62.7,2015-05-20,"Despues","3"
9,"SR","UMA",518,"MAYO",147,54,69.1,2015-05-20,"Despues","3"
10,"CR","Silvestre",103,"MAYO",195,70,169,2015-05-20,"Despues","4"
10,"CR","Silvestre",537,"MAYO",NA,NA,NA,2015-05-20,"Despues","4"
10,"CR","Silvestre",538,"MAYO",196,74,164.9,2015-05-20,"Despues","4"
10,"CR","Silvestre",541,"MAYO",174,62,103.6,2015-05-20,"Despues","4"
10,"CR","Silvestre",545,"MAYO",182,48,87.3,2015-05-20,"Despues","4"
11,"SR","UMA",461,"MAYO",160,56,84.9,2015-05-20,"Despues","4"
11,"SR","UMA",466,"MAYO",142,48,47.1,2015-05-20,"Despues","4"
11,"SR","UMA",499,"MAYO",144,56,62.8,2015-05-20,"Despues","4"
11,"SR","UMA",502,"MAYO",141,49,62.8,2015-05-20,"Despues","4"
11,"SR","UMA",510,"MAYO",158,56,86.4,2015-05-20,"Despues","4"
12,"CR","UMA",462,"MAYO",170,70,114.2,2015-05-20,"Despues","4"
12,"CR","UMA",472,"MAYO",142,48,46.7,2015-05-20,"Despues","4"
12,"CR","UMA",508,"MAYO",151,48,62.2,2015-05-20,"Despues","4"
12,"CR","UMA",525,"MAYO",NA,NA,NA,2015-05-20,"Despues","4"
1,"CR","UMA",187,"JUNIO",147,49,59.1,2015-06-20,"Despues","1"
1,"CR","UMA",420,"JUNIO",167,62,86,2015-06-20,"Despues","1"
1,"CR","UMA",449,"JUNIO",185,72,129.2,2015-06-20,"Despues","1"
1,"CR","UMA",450,"JUNIO",166,55,80.2,2015-06-20,"Despues","1"
1,"CR","UMA",526,"JUNIO",180,70,122.3,2015-06-20,"Despues","1"
1,"CR","UMA",509,"JUNIO",154,57,79.2,2015-06-20,"Despues","1"
2,"SR","UMA",325,"JUNIO",NA,NA,NA,2015-06-20,"Despues","1"
2,"SR","UMA",447,"JUNIO",160,44,45.7,2015-06-20,"Despues","1"
2,"SR","UMA",527,"JUNIO",153,50,62.6,2015-06-20,"Despues","1"
2,"SR","Silvestre",104,"JUNIO",174,53,82.4,2015-06-20,"Despues","1"
2,"SR","Silvestre",106,"JUNIO",178,69,108,2015-06-20,"Despues","1"
2,"SR","Silvestre",110,"JUNIO",174,60,98,2015-06-20,"Despues","1"
2,"SR","Silvestre",546,"JUNIO",171,57,89.6,2015-06-20,"Despues","1"
2,"SR","Silvestre",547,"JUNIO",170,60,83.1,2015-06-20,"Despues","1"
3,"CR","UMA",426,"JUNIO",NA,NA,NA,2015-06-20,"Despues","1"
3,"CR","UMA",475,"JUNIO",160,60,83.5,2015-06-20,"Despues","1"
3,"CR","UMA",492,"JUNIO",171,62,111.4,2015-06-20,"Despues","1"
3,"CR","UMA",511,"JUNIO",NA,NA,NA,2015-06-20,"Despues","1"
4,"SR","UMA",427,"JUNIO",192,75,142,2015-06-20,"Despues","2"
4,"SR","UMA",493,"JUNIO",167,58,80.6,2015-06-20,"Despues","2"
4,"SR","UMA",512,"JUNIO",166,64,96.3,2015-06-20,"Despues","2"
4,"SR","UMA",529,"JUNIO",155,56,66,2015-06-20,"Despues","2"
4,"SR","UMA",425,"JUNIO",184,70,128.8,2015-06-20,"Despues","2"
5,"CR","UMA",434,"JUNIO",172,63,105,2015-06-20,"Despues","2"
5,"CR","UMA",530,"JUNIO",160,60,81,2015-06-20,"Despues","2"
5,"CR","Silvestre",107,"JUNIO",202,77,182.8,2015-06-20,"Despues","2"
5,"CR","Silvestre",542,"JUNIO",185,66,116.4,2015-06-20,"Despues","2"
5,"CR","Silvestre",543,"JUNIO",NA,NA,NA,2015-06-20,"Despues","2"
5,"CR","Silvestre",544,"JUNIO",190,62,119.2,2015-06-20,"Despues","2"
5,"CR","Silvestre",548,"JUNIO",182,64,130.2,2015-06-20,"Despues","2"
6,"SR","UMA",435,"JUNIO",174,70,102.3,2015-06-20,"Despues","2"
6,"SR","UMA",456,"JUNIO",182,67,119.9,2015-06-20,"Despues","2"
6,"SR","UMA",478,"JUNIO",153,50,74.1,2015-06-20,"Despues","2"
6,"SR","UMA",496,"JUNIO",147,53,60.9,2015-06-20,"Despues","2"
6,"SR","UMA",531,"JUNIO",157,58,81,2015-06-20,"Despues","2"
7,"SR","UMA",457,"JUNIO",154,42,53.1,2015-06-20,"Despues","3"
7,"SR","UMA",479,"JUNIO",157,61,78,2015-06-20,"Despues","3"
7,"SR","UMA",498,"JUNIO",147,53,64.2,2015-06-20,"Despues","3"
7,"SR","UMA",515,"JUNIO",155,54,68.9,2015-06-20,"Despues","3"
7,"SR","UMA",524,"JUNIO",148,53,58.1,2015-06-20,"Despues","3"
7,"SR","UMA",532,"JUNIO",162,64,84.6,2015-06-20,"Despues","3"
8,"CR","Silvestre",100,"JUNIO",195,72,163.2,2015-06-20,"Despues","3"
8,"CR","Silvestre",535,"JUNIO",NA,NA,NA,2015-06-20,"Despues","3"
8,"CR","Silvestre",536,"JUNIO",206,72,166.5,2015-06-20,"Despues","3"
8,"CR","Silvestre",539,"JUNIO",204,84,210.8,2015-06-20,"Despues","3"
8,"CR","Silvestre",540,"JUNIO",NA,NA,NA,2015-06-20,"Despues","3"
9,"SR","UMA",459,"JUNIO",164,48,76,2015-06-20,"Despues","3"
9,"SR","UMA",481,"JUNIO",NA,NA,NA,2015-06-20,"Despues","3"
9,"SR","UMA",501,"JUNIO",148,54,66.2,2015-06-20,"Despues","3"
9,"SR","UMA",518,"JUNIO",154,55,72,2015-06-20,"Despues","3"
10,"CR","Silvestre",103,"JUNIO",196,76,171.5,2015-06-20,"Despues","4"
10,"CR","Silvestre",537,"JUNIO",NA,NA,NA,2015-06-20,"Despues","4"
10,"CR","Silvestre",538,"JUNIO",202,85,199.3,2015-06-20,"Despues","4"
10,"CR","Silvestre",541,"JUNIO",174,60,100,2015-06-20,"Despues","4"
10,"CR","Silvestre",545,"JUNIO",180,52,84.6,2015-06-20,"Despues","4"
11,"SR","UMA",461,"JUNIO",163,56,93.4,2015-06-20,"Despues","4"
11,"SR","UMA",466,"JUNIO",145,49,49,2015-06-20,"Despues","4"
11,"SR","UMA",499,"JUNIO",144,54,63.1,2015-06-20,"Despues","4"
11,"SR","UMA",502,"JUNIO",147,54,65.1,2015-06-20,"Despues","4"
11,"SR","UMA",510,"JUNIO",165,58,92.7,2015-06-20,"Despues","4"
12,"CR","UMA",462,"JUNIO",176,72,109.1,2015-06-20,"Despues","4"
12,"CR","UMA",472,"JUNIO",145,50,52.2,2015-06-20,"Despues","4"
12,"CR","UMA",508,"JUNIO",154,46,58.6,2015-06-20,"Despues","4"
12,"CR","UMA",525,"JUNIO",NA,NA,NA,2015-06-20,"Despues","4"
